protocol,method,alpha,rep,clean_mse,clean_mse_user_mean,clean_mse_user_std,clean_mse_user_worst,clean_mae,clean_mae_user_mean,clean_mae_user_std,clean_mae_user_worst,clean_mape,clean_mape_user_mean,clean_mape_user_std,clean_mape_user_worst,clean_unscaled_mae,clean_unscaled_mae_user_mean,clean_unscaled_mae_user_std,clean_unscaled_mae_user_worst,clean_rmse,n_users_eval,old_last_mse,old_best_mse,old_last_mae,old_best_mae,old_rounds
client_local,centralized,0.01,0,0.1577861458063125,0.1577861458063125,0.0,0.1577861458063125,0.3768859207630157,0.3768859207630157,0.0,0.3768859207630157,0.2781701683998108,0.2781701683998108,0.0,0.2781701683998108,65.36389923095703,65.36389923095703,0.0,65.36389923095703,0.397223042894433,1,0.0321753188967704,0.0307834513485431,0.0722253330051898,0.0703982837498188,196
client_local,centralized,0.1,0,0.0321835316717624,0.0321835316717624,0.0,0.0321835316717624,0.0702578797936439,0.0702578797936439,0.0,0.0702578797936439,0.0514095313847065,0.0514095313847065,0.0,0.0514095313847065,43.22270584106445,43.22270584106445,0.0,43.22270584106445,0.1793976913780176,1,0.0340107719724377,0.0329747134819626,0.0746518944700559,0.0733534780641396,162
client_local,centralized,0.5,0,0.0332922898232936,0.0332922898232936,0.0,0.0332922898232936,0.0723956003785133,0.0723956003785133,0.0,0.0723956003785133,0.0533991605043411,0.0533991605043411,0.0,0.0533991605043411,42.31292343139648,42.31292343139648,0.0,42.31292343139648,0.1824617489319163,1,0.0340955831731359,0.0325434521461526,0.0743636799355347,0.0733882822096347,158
client_local,centralized,1.0,0,0.0330123975872993,0.0330123975872993,0.0,0.0330123975872993,0.0725221931934356,0.0725221931934356,0.0,0.0725221931934356,0.0530199334025383,0.0530199334025383,0.0,0.0530199334025383,40.33182144165039,40.33182144165039,0.0,40.33182144165039,0.1816931412775379,1,0.0349267227575182,0.0321847898885607,0.0759235583245754,0.0723381713032722,100
client_local,centralized,10.0,0,0.0332792773842811,0.0332792773842811,0.0,0.0332792773842811,0.0774991363286972,0.0774991363286972,0.0,0.0774991363286972,0.0572906918823719,0.0572906918823719,0.0,0.0572906918823719,41.5250244140625,41.5250244140625,0.0,41.5250244140625,0.1824260874553888,1,0.0331107818832,0.032490657021602,0.0755418774982293,0.0730092401305834,100
client_local,centralized,5.0,0,0.0329396426677703,0.0329396426677703,0.0,0.0329396426677703,0.0769654735922813,0.0769654735922813,0.0,0.0769654735922813,0.0577044524252414,0.0577044524252414,0.0,0.0577044524252414,40.11053466796875,40.11053466796875,0.0,40.11053466796875,0.1814928171244536,1,0.0349248821536699,0.0324499138320485,0.0752635064224402,0.0730867783228556,100
client_local,fedavg,0.01,0,0.1564798649463564,0.1535227471962571,0.0570913060578655,0.2919186055660248,0.371176212847167,0.3661402530968189,0.0778481612884479,0.5358173847198486,0.2770584843959484,0.2736675418913364,0.0991769022141293,0.5326980352401733,65.36388202750406,56.95136507749557,85.7194993612307,418.6896057128906,0.3955753593771437,20,0.1711189717139697,0.1522925676298488,0.2836075185009285,0.2836075185009285,300
client_local,fedavg,0.01,123,0.1696705128833188,0.1672879141755402,0.1278092465243711,0.5107731223106384,0.2873616646253717,0.2837077625095844,0.158589796138509,0.7053288817405701,0.2572864461328802,0.2541806112974882,0.1676694522928115,0.703713059425354,65.11850002579172,56.72029024362564,85.62026157083613,418.089599609375,0.4119108069513579,20,0.1665201148205702,0.1517683350066587,0.2809586401502554,0.2809586401502554,300
client_local,fedavg,0.01,42,0.1671128520105948,0.1647801851853728,0.125799117169616,0.5027621388435364,0.2855240624337802,0.2818781681358814,0.1572198414897433,0.6997544169425964,0.2554916766909751,0.2524043943732977,0.1662881602949798,0.6981523633003235,65.10982356032177,56.71172381639481,85.61725413386411,418.0679321289063,0.4087943884284553,20,0.1641339199641315,0.152324733895374,0.2792916510605377,0.2792916510605377,300
client_local,fedavg,0.1,0,0.2213301381331566,0.1657603986561298,0.1377907089193591,0.5228819847106934,0.3458633326486388,0.2802430033683777,0.1663251868477127,0.7099130749702454,0.3198516953166327,0.2488912180066108,0.176941953306503,0.707760751247406,57.34299709950954,69.37056653499603,80.22934337427145,281.10015869140625,0.4704573712177934,20,0.2166422612847393,0.1709747453587728,0.3383826757771451,0.3383826757771451,300
client_local,fedavg,0.1,123,0.21604809721379,0.1619322897866368,0.1341702565066965,0.5098890662193298,0.342735925970018,0.278197281435132,0.1636027090861942,0.7010273337364197,0.316458145805512,0.2465280439704656,0.174348750890506,0.6988846063613892,57.33633940670416,69.37023245096206,80.23561871143137,281.099365234375,0.4648097430280372,20,0.2113825782702732,0.1704321480328468,0.3352187677388404,0.3352187677388404,300
client_local,fedavg,0.1,42,0.2132658671900554,0.1598705628886819,0.1323966081934732,0.5032246112823486,0.3407187905259402,0.2766509190201759,0.1624151385849456,0.6964114308357239,0.314501325420905,0.2450561139732599,0.1731432713547962,0.6942859888076782,57.3257995986528,69.36070203781128,80.23331055246408,281.0814819335937,0.4618071753340949,20,0.2087951562309313,0.1712796101560205,0.3333800515111761,0.3333800515111761,300
client_local,fedavg,0.5,0,0.2245399414425648,0.2058054905384779,0.1102322547231711,0.5055201053619385,0.3487470423559159,0.3269400358200073,0.1296457853454735,0.686711311340332,0.3228785560464044,0.2991101019084453,0.1400768168200963,0.6828327775001526,55.82850045715665,61.60440511703492,45.3392301585174,134.89193725585938,0.473856456580012,20,0.2203149200944704,0.1717627422908002,0.3417249232632886,0.3417249232632886,300
client_local,fedavg,0.5,123,0.2200613349903355,0.2017362099140882,0.1078292076805553,0.4950189888477325,0.3461019524186347,0.3245972767472267,0.1278455519352705,0.6796004772186279,0.3200138136819961,0.2965336754918098,0.1383725182337589,0.6757124066352844,55.82067837447914,61.598597240448,45.34545756129542,134.89495849609375,0.4691069547452218,20,0.2157862229813951,0.1711765598382481,0.3389780342070779,0.3389780342070779,300
client_local,fedavg,0.5,42,0.2177256510674537,0.1995992016047239,0.1066722919965765,0.4897295534610748,0.3443414103738659,0.32295987829566,0.1271205422677842,0.6759499907493591,0.3183462155901941,0.2949966669082641,0.1376100896109439,0.6720825433731079,55.808816987411575,61.586938643455504,45.34473411957314,134.88221740722656,0.4666108132774612,20,0.2136053184398238,0.1721084552548528,0.337381449609579,0.337381449609579,300
client_local,fedavg,1.0,0,0.2240609767459454,0.212983575463295,0.1321305588553854,0.4933869242668152,0.3484699213360558,0.3351212993264198,0.1569937158042978,0.673021674156189,0.3225953495042942,0.3083796996623277,0.1688997096085634,0.6682538986206055,56.77261192405499,59.3616238117218,48.31183052485282,163.16644287109375,0.473350796709951,20,0.2202193659119681,0.1719707355104474,0.3418187132806474,0.3418187132806474,300
client_local,fedavg,1.0,123,0.2193563812617243,0.2085329171270132,0.1290627574406017,0.4824987351894378,0.3456556209962087,0.3324905209243297,0.1546311704518975,0.6656461358070374,0.3195663653989152,0.3055278360843658,0.1666841599860185,0.6608627438545227,56.76459049247394,59.35472736358643,48.32341281870888,163.1759033203125,0.4683549735635615,20,0.215519856902224,0.1713792752149605,0.338967622990144,0.338967622990144,300
client_local,fedavg,1.0,42,0.2168317200006999,0.2061338141560554,0.1275351910677201,0.4769056737422943,0.3438091557391185,0.3307260155677795,0.1536083506217179,0.6617692112922668,0.3177872719736869,0.3038330711424351,0.1656446426825367,0.6570104956626892,56.75363763069664,59.34397110939026,48.32439869124581,163.16517639160156,0.4656519300944644,20,0.2131592798074545,0.1723229647781249,0.3373048863579667,0.3373048863579667,300
client_local,fedavg,10.0,0,0.2257980764782476,0.2226607851684093,0.0518941916606138,0.3073249161243438,0.3497864765089458,0.3461338609457016,0.0604251049085092,0.4415554404258728,0.3239713511014973,0.3199961230158806,0.0658191486202373,0.4265278279781341,56.65375998286722,57.67368941307068,25.7159498200271,93.92863464355467,0.475182150841388,20,0.2214701975965811,0.1718956941672385,0.3426101756962472,0.3426101756962472,300
client_local,fedavg,10.0,123,0.2217606886905253,0.2186836317181587,0.0508738833377183,0.3016388714313507,0.3473576493542403,0.3437505193054676,0.0597008877755372,0.4379244744777679,0.321373367045637,0.3174409449100494,0.0651161881419535,0.4227778911590576,56.64458778384353,57.66486625671386,25.71951719205348,93.92815399169922,0.4709147361152816,20,0.2174117180204871,0.1713086905905614,0.3401004701269261,0.3401004701269261,300
client_local,fedavg,10.0,42,0.2195831550543976,0.2165361799299717,0.0503576892714925,0.2986424267292022,0.3457331243064657,0.3421444579958915,0.0593786618050163,0.4357970356941223,0.3198290359827688,0.315916233509779,0.0647763220327879,0.4206942915916443,56.63319881370312,57.65352439880371,25.71980043041841,93.91725158691406,0.4685970070907385,20,0.2153609324549942,0.1722446443677679,0.3386163297127384,0.3386163297127384,300
client_local,fedavg,5.0,0,0.2255449796180594,0.2199550427496433,0.0671007393237548,0.335917979478836,0.3494192725397527,0.3425746120512485,0.0795688446939304,0.4767653346061706,0.3236472862306249,0.3164581015706062,0.0855950696680323,0.4633456170558929,55.59501312387009,56.17821435928344,32.35009694171114,122.76271057128906,0.4749157605492362,20,0.2213545279607139,0.1718943866530289,0.342527333718282,0.342527333718282,300
client_local,fedavg,5.0,123,0.2213833529804838,0.215903752297163,0.0657242646738281,0.3294662237167358,0.346949818491057,0.3401845254004002,0.0785841588305324,0.4725780487060547,0.3209833819884493,0.3138709627091884,0.0846400700955994,0.4590573608875274,55.58662296178613,56.17033996582031,32.35422535332371,122.76434326171876,0.4705139243215697,20,0.2171815600453291,0.1713094906439162,0.340000115268749,0.340000115268749,300
client_local,fedavg,5.0,42,0.219190785152812,0.2137678079307079,0.0650498805142101,0.3261508345603943,0.3453039944837645,0.3385767683386803,0.0781582082162473,0.4702424108982086,0.3194231098187002,0.3123490124940872,0.0841956218770072,0.4567604660987854,55.57502364468365,56.15889029502869,32.35385325592538,122.75221252441406,0.4681781553562832,20,0.2151302221152976,0.1722438318255367,0.3385145071732107,0.3385145071732107,300
client_local,fedavg-le1,0.01,0,0.155316388476588,0.1523969005793333,0.0615002675156467,0.3051709532737732,0.3656154088151423,0.3605082556605339,0.0831411024519001,0.547474205493927,0.2757863141506877,0.2723161939531565,0.1039988447547913,0.5445489287376404,65.3638514732295,56.95133526325226,85.71948512558367,418.68951416015625,0.3941020026295071,20,0.153614589310305,0.153614589310305,0.3643641436318916,0.3643641436318916,300
client_local,fedavg-le1,0.1,0,0.1748528592906598,0.1524613555520773,0.0598600380620728,0.3020553290843963,0.3895694268246633,0.362985198199749,0.0763409391773294,0.5437656044960022,0.3107385280664378,0.2692884586751461,0.1042481365111134,0.5391261577606201,57.53710961626735,69.63133369684219,80.34843294934313,281.4934387207031,0.4181541094987108,20,0.1720425612214866,0.1709747453587728,0.3862004254657352,0.3862004254657352,300
client_local,fedavg-le1,0.5,0,0.1752992731536022,0.1681434273719787,0.0438369111422169,0.2927509844303131,0.3898678528140343,0.381596527993679,0.0522844615344625,0.5320734977722168,0.3115852223216629,0.2979794733226299,0.0807489213696579,0.5224115252494812,56.01533180170706,61.81699042320251,45.431887491533175,135.21766662597656,0.4186875603043423,20,0.1730032400237516,0.1717627422908002,0.3874407206439177,0.3874407206439177,300
client_local,fedavg-le1,1.0,0,0.1753744832798209,0.1706588480621576,0.0524260673068732,0.2885865867137909,0.3900472506017046,0.3842333197593689,0.0618838988060013,0.5274293422698975,0.3117063462247859,0.3032695546746254,0.0965165393439539,0.5148331522941589,56.96101272638822,59.56203689575195,48.46848771374409,163.62152099609375,0.4187773672010236,20,0.17322280695164,0.1719707355104474,0.3878756159953207,0.3878756159953207,300
client_local,fedavg-le1,10.0,0,0.1755970808274569,0.1743871949613094,0.0202515999384264,0.2044830918312072,0.3904274233330725,0.3890107423067093,0.0243240619305196,0.4248612225055694,0.3120850865651967,0.3097980670630932,0.0382207847593753,0.3693541586399078,56.83730031508597,57.86139588356018,25.772891998305724,94.22926330566406,0.4190430536680651,20,0.1731484060915147,0.1718956941672385,0.3877111195005442,0.3877111195005442,300
client_local,fedavg-le1,5.0,0,0.1754645238811372,0.1729831863194704,0.0272399026370387,0.2155980914831161,0.3902351216819945,0.3871190398931503,0.0332443745644715,0.4351096749305725,0.3119016045676395,0.3075993351638317,0.0497136850014694,0.390290766954422,55.77926371700185,56.36825265884399,32.42073120078959,123.09232330322266,0.4188848575457666,20,0.1731423597356072,0.1718943866530289,0.3877047138414806,0.3877047138414806,300
client_local,fedavg-le10,0.01,0,0.1789116362771756,0.1764299286529422,0.1334914273069339,0.5344715118408203,0.2995127650871839,0.2954807769507169,0.1610190760551473,0.7217006683349609,0.2661270966013551,0.2628144670277834,0.1708264257937028,0.719989001750946,65.2586661851752,56.853767573833466,85.66510860222529,418.38812255859375,0.4229794750069743,20,0.1754321621135181,0.1523018344307571,0.2927910025956667,0.2927910025956667,300
client_local,fedavg-le10,0.1,0,0.2246795215465314,0.1690558401867747,0.1380893272355982,0.5267583131790161,0.354164345029918,0.2895918779075145,0.1639480953717934,0.7128386497497559,0.324742724309658,0.2541853632777929,0.1759168330711768,0.7105296850204468,57.46775065538223,69.51823509931565,80.28830966604845,281.33154296875,0.4740037146969751,20,0.2196719514867296,0.1709747453587728,0.3462895529726615,0.3462895529726615,300
client_local,fedavg-le10,0.5,0,0.225823696634384,0.207302625849843,0.1090805946342147,0.5042917132377625,0.3560260909397995,0.3348240248858928,0.1262686063372973,0.6865946650505066,0.3265365017366293,0.3030996195971965,0.1381915687551639,0.682332456111908,55.95020652895921,61.736625289916994,45.37982196792091,135.06922912597656,0.4752091083243081,20,0.2214669077681268,0.1717627422908002,0.3487534420164405,0.3487534420164405,300
client_local,fedavg-le10,1.0,0,0.2260061238797514,0.2149788651615381,0.1312756902454016,0.4941165447235107,0.3560531818345147,0.3429297417402267,0.1529922161415998,0.6744509339332581,0.3266372353165553,0.3125361423939466,0.1668019524718534,0.669161319732666,56.89502240719256,59.48821883201599,48.37792377567689,163.4065704345703,0.475401013755494,20,0.2219205735172692,0.1719707355104474,0.3490610295062865,0.3490610295062865,300
client_local,fedavg-le10,10.0,0,0.2261522781161071,0.2230643175542354,0.0511153223506129,0.3061554133892059,0.3566014281451679,0.3530567541718483,0.0588090414961773,0.4446389377117157,0.327071047468767,0.3231593653559684,0.0648689585142131,0.4275062978267669,56.77331611335173,57.79500041007996,25.739924894230143,94.09605407714844,0.475554705702832,20,0.2216703610298019,0.1718956941672385,0.3491682609875322,0.3491682609875322,300
client_local,fedavg-le10,5.0,0,0.2260088710118133,0.2204766228795051,0.066211612243444,0.3346140682697296,0.3563109269487665,0.3496016725897789,0.0775194075517932,0.4789712727069855,0.3268257136050642,0.3197192631661892,0.0843746134254804,0.4638494551181793,55.7150328275778,56.30035099983216,32.382346842117094,122.94358825683594,0.4754039030254309,20,0.2216623575291855,0.1718943866530289,0.3491351287874879,0.3491351287874879,300
client_local,fedavg-le5,0.01,0,0.1604543575977983,0.1577815080061554,0.1022938720370777,0.4298352003097534,0.3216562276397532,0.3159199379384517,0.1315967453458776,0.6475061178207397,0.2667497291113816,0.262628561258316,0.1448292498749841,0.6456426382064819,65.35874632657848,56.94622089862823,85.71797204173942,418.6780090332031,0.4005675443639915,20,0.1576566270061079,0.1523081917236192,0.3195148553020237,0.3195148553020237,300
client_local,fedavg-le5,0.1,0,0.1952879908512319,0.153570057824254,0.1045634937944101,0.4242062866687774,0.3640796021559452,0.3148060411214828,0.1282789191000981,0.6407613754272461,0.3158517012622491,0.2571181211620569,0.1467098489239753,0.6378887891769409,57.53377325733694,69.62581839561463,80.34671578096743,281.4877624511719,0.4419140084351614,20,0.191136345664106,0.1709747453587728,0.3597075546098002,0.3597075546098002,300
client_local,fedavg-le5,0.5,0,0.1961362320093818,0.1823856323957443,0.0815337273160147,0.4070717990398407,0.3652132214182216,0.3493472218513488,0.0958219472831111,0.6202818751335144,0.3171697945784481,0.297803471237421,0.114514633133532,0.6142323613166809,56.01213568375236,61.81307375431061,45.42947273017156,135.20965576171875,0.442872704068993,20,0.1925900129552309,0.1717627422908002,0.361778735583755,0.361778735583755,300
client_local,fedavg-le5,1.0,0,0.1962760028011623,0.1878916379064321,0.0980342287612579,0.3995198011398315,0.3652546457866638,0.3549830265343189,0.1143498928319362,0.6109018921852112,0.3172655808779719,0.3054127544164657,0.1371556730863411,0.6032191514968872,56.95779454924112,59.55839681625366,48.46473121880455,163.6121063232422,0.4430304761539123,20,0.1929421567537842,0.1719707355104474,0.3622248635945457,0.3622248635945457,300
client_local,fedavg-le5,10.0,0,0.1964814320457328,0.1941808186471462,0.0381367887573867,0.254494309425354,0.3658498631293413,0.3631621718406677,0.0450415616809497,0.4321018159389496,0.3177427943681265,0.3144912265241146,0.0541284401693992,0.3996175825595855,56.83413193411385,57.85810651779175,25.77119396034765,94.22270965576172,0.44326226102132,20,0.1927914973382963,0.1718956941672385,0.3621261256873181,0.3621261256873181,300
client_local,fedavg-le5,5.0,0,0.1963329578404179,0.1920783217996358,0.0497329215486115,0.2762155532836914,0.3656313152761172,0.360306952893734,0.0595161665925634,0.455255389213562,0.3175400288403705,0.3115371905267238,0.0702327893266421,0.4297400712966919,55.77610139773822,56.364884281158446,32.41906516168651,123.08499908447266,0.4430947504094558,20,0.1927778993205205,0.1718943866530289,0.362150352888418,0.362150352888418,300
client_local,fedavg-partial,0.01,0,0.0592290784984277,0.1222287376411259,0.0742073837322155,0.2024374008178711,0.0955912387602253,0.1995056472718715,0.1229534197857078,0.3350825905799866,0.080601626687198,0.1785754304379224,0.1171730305794361,0.3089485466480255,41.88297124379615,44.76722105741501,52.48118555216022,255.371322631836,0.2433702498220104,20,0.0600288124430745,0.0594056357217025,0.0952070227313317,0.0952070227313317,300
client_local,fedavg-partial,0.1,0,0.0998395566240875,0.1191416278481483,0.0633249433140795,0.2411534637212753,0.1481417567320507,0.1801870314404368,0.0866043188446816,0.3241479992866516,0.1284624780455203,0.156410956569016,0.0815970523029323,0.2989314794540405,47.9130313322602,60.065125739574434,65.78602065418097,227.1326446533203,0.3159739809289486,20,0.1003306159852257,0.0951840516228953,0.1481073015731319,0.1481073015731319,300
client_local,fedavg-partial,0.5,0,0.1569097871149485,0.1590292548760771,0.0509077519735266,0.2402105182409286,0.2647691551912864,0.2651787545531988,0.0961451691263838,0.3892433047294616,0.2255127996844773,0.2283077908679843,0.0896845596006109,0.3543416261672973,54.32817316460443,59.88242700099945,44.83056754389129,131.96250915527344,0.3961184003741161,20,0.156062412581501,0.1506346583235593,0.2627793038697821,0.2627793038697821,300
client_local,fedavg-partial,1.0,0,0.1435330651905943,0.1449915029108524,0.0477532106919031,0.2188823968172073,0.2245623665373849,0.2276617653667926,0.0822179437190687,0.3740350902080536,0.1836245252306903,0.1878786766901612,0.0768186332964696,0.3263048827648163,53.78279705278378,56.46765584945679,44.165878125179184,144.1853485107422,0.3788575790328,20,0.1441416582768729,0.1366512674110856,0.2243039388794475,0.2243039388794475,300
client_local,fedavg-partial,10.0,0,0.1994399826044922,0.1989586092531681,0.0281668396888684,0.2396118491888046,0.3397841624840562,0.336610721796751,0.0510222027492579,0.4040074348449707,0.3051817348327619,0.3027107834815979,0.0422421644001684,0.3524162173271179,56.46667526298561,57.45802474021912,25.47368577510976,92.64794921875,0.4465870381062265,20,0.1961611701228076,0.171492082158588,0.3339017992288483,0.3339017992288483,300
client_local,fedavg-partial,5.0,0,0.1899265804439749,0.188790076225996,0.0336615798277543,0.2326668947935104,0.3306761356559042,0.3252833373844623,0.0668421353400018,0.4076259732246399,0.2912396365458461,0.2873865306377411,0.0594218387563281,0.3573093116283417,55.18534241998729,55.74539713859558,31.81167376279684,121.29226684570312,0.4358056682100119,20,0.187117885421746,0.1703616428743832,0.3259444298298541,0.3259444298298541,300
client_local,fedgen,0.01,0,0.0574482717284724,0.0551704259589314,0.0143741810175325,0.0844186171889305,0.1336151050050426,0.1302887454628944,0.0263627006398181,0.1685059815645218,0.096516145208692,0.0943834932520985,0.0280034570746934,0.1659732609987259,60.77106175333866,52.52714306116104,82.17047917376416,400.7399291992188,0.2396836909939272,20,0.0548949379900093,0.0540891230274597,0.1314774914023112,0.1307690358443879,279
client_local,fedgen,0.01,123,0.0609607379263492,0.0588145274668931,0.0150773206587927,0.0899472460150718,0.1377444579654893,0.1346631754189729,0.0265952750144121,0.1746300458908081,0.0996007136014305,0.0976469537243247,0.0289818702018663,0.1720330417156219,61.45375512122924,53.15412938594818,82.80977499926365,403.9711608886719,0.246902284165921,20,0.0579330649595057,0.0561917923399567,0.1349312179793746,0.1343332673709139,249
client_local,fedgen,0.01,42,0.0613949489626574,0.0594201615080237,0.0156354358173075,0.0975707396864891,0.147149182918449,0.1441376700997352,0.0297509498150306,0.2059086114168167,0.109222194891181,0.1072375152260065,0.0356787954224077,0.2035517245531082,61.29257409288405,53.0001541852951,82.88531216792899,403.9513244628906,0.2477800414937761,20,0.0571856385243274,0.0559894467538594,0.1405765525230403,0.140454253540904,165
client_local,fedgen,0.1,0,0.0439182972464082,0.0421419005841016,0.0104166940572291,0.058414239436388,0.1061875171310918,0.1039426937699317,0.0182905417964738,0.1423902362585067,0.0783245864266416,0.0717182114720344,0.0200423506054555,0.1161933988332748,50.402718363926674,60.38255311250687,71.87791985570007,252.72024536132807,0.20956692784504,20,0.0461232576472207,0.0459337958079703,0.1096529831885245,0.1096529831885245,300
client_local,fedgen,0.1,123,0.04363218512785,0.0418294753879308,0.0102939207898561,0.0579404458403587,0.1051561788532038,0.1030111722648143,0.0180113457121605,0.1409632265567779,0.0773954100618259,0.0709219709038734,0.0195885215216927,0.1142211705446243,50.78311241933408,60.84056214094162,72.36424750090103,254.45962524414065,0.208883185364093,20,0.0459430601239606,0.0457296067553145,0.1088186436903875,0.1088186436903875,300
client_local,fedgen,0.1,42,0.045171116954502,0.0435430720448494,0.0104112619030388,0.0606684014201164,0.1089644252383106,0.1066935442388057,0.0183577766812706,0.1462403684854507,0.0804206808594728,0.0736502906307578,0.0205469810965362,0.1198476999998092,49.847307078423455,59.77601861953735,71.45134161619171,251.007064819336,0.2125349781906546,20,0.0467848478566412,0.0465377403200735,0.1119512848577559,0.1119512848577559,300
client_local,fedgen,0.5,0,0.0420076704465419,0.041309059690684,0.0064470081788313,0.0524252951145172,0.0991398276777524,0.0984174251556396,0.0094381473221389,0.1154046654701232,0.0724465728857104,0.070371345616877,0.0135103773452383,0.1028561070561409,47.36941129488369,51.95935304164887,38.50025391480786,115.00491333007812,0.2049577284381878,20,0.0418129637499928,0.041164509459681,0.0986780309196517,0.0986780309196517,300
client_local,fedgen,0.5,123,0.0400312335721749,0.0393254972063005,0.0064193330139879,0.0504754669964313,0.094098759759339,0.0934259571135044,0.00928343970727,0.1105178892612457,0.0685975325704476,0.0666347127407789,0.0128965179943313,0.0968237444758415,47.417946055722666,52.0797877073288,39.072559224392,115.92764282226562,0.200078068693635,20,0.0402075401362683,0.0394641744088605,0.0941555828573788,0.0941555828573788,300
client_local,fedgen,0.5,42,0.0418208199571008,0.041236394830048,0.0060849670475111,0.0517246015369892,0.096880720940469,0.0962642114609479,0.0091486576052281,0.1130896061658859,0.0705365569469307,0.0685735527426004,0.0128907875635846,0.0991338118910789,46.01392277427925,50.51531331539154,38.07731857459001,113.00016021728516,0.204501393533396,20,0.041473875851472,0.0407945643988864,0.0963401889724892,0.0963401889724892,300
client_local,fedgen,1.0,0,0.0403733414782815,0.0402208670042455,0.006416586656155,0.0496250540018081,0.0966762700692012,0.0967052847146987,0.0095971624792758,0.1101155430078506,0.0706842203992987,0.0697290891781449,0.0143760348518462,0.0975116714835167,48.40482886163585,50.7002772808075,40.78957758633086,135.5835723876953,0.2009311859276244,20,0.0415322729782083,0.0409765556169549,0.0978980632569089,0.0978980632569089,300
client_local,fedgen,1.0,123,0.0380981243113302,0.0379659496247768,0.006240445525458,0.0476411916315555,0.0917115084445402,0.091802392154932,0.0091156420465561,0.1058362945914268,0.0667959057867996,0.0659379638731479,0.0132519649413608,0.0906999409198761,48.4998842127751,50.80863938331604,41.11204233274067,136.71836853027344,0.1951874081782178,20,0.0396971598040096,0.0392110451855725,0.0933502915854627,0.0933502915854627,300
client_local,fedgen,1.0,42,0.0396521924847614,0.0395774907432496,0.0061520008035052,0.0504698939621448,0.0939077049443476,0.0939971912652254,0.0093244595923559,0.1093641370534896,0.068398940952502,0.0675193289294839,0.0135552308064222,0.0932699292898178,47.03142310015324,49.26577620506286,39.880706738354206,132.52073669433594,0.1991285827920277,20,0.0406538088575894,0.0398930058449288,0.0949575898339725,0.0949575898339725,300
client_local,fedgen,10.0,0,0.0404964064369004,0.0403800839558243,0.004960447648852,0.0505924001336097,0.0948149892859169,0.0946830183267593,0.007312005739607,0.1059185788035392,0.0686363901995159,0.0683040633797645,0.0059688920476895,0.0818522945046424,47.3791818881165,48.19166288375855,21.640542906287774,77.96635437011719,0.2012371894976186,20,0.0401103635174107,0.0396118598948693,0.0943648178709523,0.0943648178709523,300
client_local,fedgen,10.0,123,0.0407173703801133,0.040609973296523,0.0050157904908437,0.0507633984088897,0.0946072430900044,0.09448943734169,0.0073858594384862,0.1057787016034126,0.068289985148214,0.0679688239470124,0.0058770832282863,0.0813336372375488,47.33823938696532,48.154471492767335,21.755987139521853,78.05247497558594,0.2017854563146545,20,0.0402181285903455,0.0394817744653948,0.093968204669757,0.093968204669757,300
client_local,fedgen,10.0,42,0.0409269733130697,0.0408136371523141,0.005007223767035,0.0510218106210231,0.0954503668854174,0.0953161273151636,0.007330037828613,0.1065963059663772,0.0690879820490375,0.0687530478462576,0.0059951823275449,0.0824894607067108,46.838205153690055,47.64155917167663,21.37605401148393,76.86905670166016,0.2023041603948611,20,0.0403559882620766,0.0397109724991017,0.0948676752460088,0.0948676752460088,300
client_local,fedgen,5.0,0,0.0436616016316244,0.0435894958674907,0.0048936643111274,0.0537344291806221,0.1026295668703564,0.1026258073747158,0.0067921208262362,0.1141060665249824,0.0748391877537022,0.0743639048188924,0.0069340726176849,0.0874014347791671,47.38817145200348,47.94587478637696,26.33387062592132,101.62141418457033,0.2089535872667048,20,0.0430079900057814,0.0426778665004034,0.102246382181293,0.102246382181293,300
client_local,fedgen,5.0,123,0.0403117408025141,0.0402589220553636,0.0049228812163495,0.0500198639929294,0.0935776580595471,0.0935805842280387,0.006553288409745,0.1041711941361427,0.0678260191470542,0.0674066012725234,0.0061818954712179,0.0793641358613967,46.488512834718094,47.03021574020386,27.03517092739326,102.9260482788086,0.2007778394208738,20,0.0400971014903878,0.0393993472659487,0.0935363761414929,0.0935363761414929,300
client_local,fedgen,5.0,42,0.0418006881470736,0.0417545964941382,0.0048975320255071,0.0514915585517883,0.0970040842083299,0.0970054861158132,0.0065856217872096,0.1076973378658294,0.0704064408418662,0.069967115484178,0.006373133782983,0.0822047591209411,45.99998033575289,46.527937936782834,26.57353345279883,101.2765121459961,0.2044521659143616,20,0.0412319595859481,0.0405320813820678,0.0967369042387248,0.0967369042387248,300
client_local,fedgen-le1,0.01,0,0.1571212838106009,0.1543548163026571,0.0898936006228051,0.3913594186306,0.3354513006818208,0.3298215571790933,0.1168869097781622,0.6181625127792358,0.2699040263450306,0.2659282624721527,0.1327713688919723,0.6161142587661743,65.36259720532931,56.9500669836998,85.71911599743963,418.6866455078125,0.3963852719395626,20,0.1546218129797457,0.1526091607088945,0.3336311671071866,0.3336311671071866,300
client_local,fedgen-le1,0.1,0,0.1858403281384075,0.1512226093560457,0.0877754779172845,0.3774523138999939,0.3745224540548462,0.3337307803332806,0.1084778502524251,0.6053786873817444,0.314637900408866,0.2623011581599712,0.1309664341054837,0.6019772291183472,57.53659712009288,69.63038926124572,80.34813676787645,281.4925537109375,0.4310920181798864,20,0.1821164599532206,0.1708944130857038,0.3703068394870624,0.3703068394870624,300
client_local,fedgen-le1,0.5,0,0.1853124459699423,0.1742377825081348,0.0661511350515806,0.3583806157112121,0.3756802895706085,0.3629280567169189,0.0778288377763637,0.5844445824623108,0.3151844817748443,0.2981672063469887,0.1007231540120004,0.5770518779754639,56.01487661510766,61.816412568092346,45.43148409949025,135.21640014648438,0.430479321187374,20,0.182228201477898,0.1716713045365084,0.3724789060710948,0.3724789060710948,300
client_local,fedgen-le1,1.0,0,0.185276474812491,0.1784707903861999,0.0782549392701743,0.3498096466064453,0.3770987452267258,0.3687765777111053,0.09112659993366,0.5753726959228516,0.3155927321115235,0.3052210226655006,0.1194510738913682,0.5656259059906006,56.96065450028617,59.5616159915924,48.46794720145212,163.62025451660156,0.4304375388049827,20,0.1823780331758548,0.1718799120877053,0.3742704939392757,0.3742704939392757,300
client_local,fedgen-le1,10.0,0,0.1883632172738963,0.1863760150969028,0.0329786379646816,0.2376209795475006,0.3730984882274006,0.370781697332859,0.0390133062157557,0.4300170540809631,0.3162195727489865,0.3132478833198547,0.049533612073106,0.390741616487503,56.83647544588039,57.86053614616394,25.772401883613977,94.22744750976562,0.4340083147520291,20,0.1849995420772303,0.1718416640717666,0.3695872918233306,0.3695872918233306,300
client_local,fedgen-le1,5.0,0,0.189273336632695,0.1854519393295049,0.0441743057080302,0.2594141662120819,0.3717002231588295,0.3669196486473083,0.052957840585718,0.4501316547393799,0.316175387205102,0.3105899810791016,0.0651774693439797,0.4199757575988769,55.77824160673316,56.367157983779904,32.42015526471768,123.0898208618164,0.4350555558002851,20,0.1860027024880866,0.1718168489017882,0.3684443316979771,0.3684443316979771,300
client_local,fedgen-le10,0.01,0,0.0723755904708143,0.0699909005314111,0.0181495223449513,0.120102934539318,0.171674355132085,0.1680841475725173,0.0347730615176063,0.2553372085094452,0.1294924408588037,0.1269174365326762,0.0450303899092641,0.2530260682106018,60.82148581632239,52.68033599853516,81.56418442812807,398.4370422363281,0.269027118467292,20,0.0671038776486251,0.0607630277749789,0.1644286398826215,0.1602194534942104,148
client_local,fedgen-le10,0.1,0,0.0633939878622813,0.0595918910577893,0.0143219504424878,0.0891290828585624,0.1500288106269471,0.1437630098313093,0.0255334126907534,0.1887347400188446,0.1146715786522171,0.1026002451777458,0.0332818593370239,0.1847678869962692,53.099231975603374,63.3430273771286,68.38418395516813,244.2464599609375,0.2517816273326577,20,0.0621545151122021,0.0621278912896015,0.1481700720999322,0.1481700720999322,300
client_local,fedgen-le10,0.5,0,0.0647854839369651,0.0631764935329556,0.0108844028468975,0.090518519282341,0.1521499042204075,0.1495474357157945,0.0179796510523094,0.190346285700798,0.1167511054552167,0.1123459435999393,0.0267894267009914,0.1839127093553543,56.153923689554375,60.87869682312012,35.97501568044376,122.58473205566406,0.2545299273896197,20,0.0599411871613762,0.0599401896585121,0.1449661305069004,0.1449661305069004,300
client_local,fedgen-le10,1.0,0,0.06393228397549,0.0630609363317489,0.0119879067096668,0.0865706726908683,0.1514950611384886,0.1503424543887376,0.0206498529475548,0.1844653636217117,0.1162605983613412,0.1138708557933569,0.0313257811558636,0.1775280386209488,56.1741660532954,58.57556619644165,39.47652842454996,134.7189178466797,0.2528483418484092,20,0.0609470438532904,0.0609442360053487,0.1469879222762302,0.1469879222762302,300
client_local,fedgen-le10,10.0,0,0.0639475144624898,0.0635011160746216,0.0069893774554765,0.0770806819200515,0.1601102768080333,0.159410860389471,0.0109515663692834,0.1803728640079498,0.1253589147331175,0.1244082558900117,0.0144938109183839,0.1511511951684951,62.779275440857184,63.65173292160034,18.93510170318346,89.6172103881836,0.2528784578853837,20,0.060391021046991,0.0603767791575876,0.1544938867743279,0.1544938867743279,300
client_local,fedgen-le10,5.0,0,0.0619392850518649,0.0615410137921571,0.0059444343018313,0.0743840858340263,0.1500757069842801,0.1496079795062542,0.0102658318728782,0.167816936969757,0.1151351840567534,0.1140386693179607,0.0145270122397324,0.1389422118663787,60.33886262712086,61.09716510772705,23.60118703227444,106.34635925292967,0.2488760435475157,20,0.0591282584301367,0.0591268926343666,0.1463021609153252,0.1463021609153252,300
client_local,fedgen-le5,0.01,0,0.1863121416658573,0.1838570400141179,0.1417094819149388,0.5642321705818176,0.2968328212204206,0.2934412844479084,0.1682667827330293,0.7414623498916626,0.2677370190746605,0.2647489773109555,0.1771788930740919,0.7397587299346924,65.16685726316022,56.77275091409683,85.59641787022031,418.055908203125,0.4316389019375539,20,0.1784184950695576,0.1523347402612851,0.2918718708794506,0.2898603163509217,86
client_local,fedgen-le5,0.1,0,0.2282504170518734,0.1709913700819015,0.1420174844383266,0.5388855934143066,0.3515054608817933,0.2849337894469499,0.1687716835485772,0.7207898497581482,0.3249369998104346,0.2529164183884859,0.1795961568817571,0.7185784578323364,57.40175564366455,69.42748036384583,80.24204884987806,281.1891784667969,0.4777556038937413,20,0.2165410572995101,0.1706300128169673,0.3443663376734463,0.3437446449839034,112
client_local,fedgen-le5,0.5,0,0.2299341957658972,0.2108034703880548,0.1125867492418744,0.5169389843940735,0.3538624704430802,0.3319065347313881,0.1305730275985871,0.6945903897285461,0.3271525133264485,0.3031664572656155,0.1413712582534015,0.690597653388977,55.89246146565698,61.66984119415283,45.34806393005108,134.9662322998047,0.4795145417668761,20,0.2254710045112613,0.1714426521861671,0.3466240118869569,0.3466240118869569,300
client_local,fedgen-le5,1.0,0,0.228938392290639,0.2176332168281078,0.1348576572169277,0.503856360912323,0.3527696977053456,0.3393005155026912,0.1583398352196891,0.6802471876144409,0.3263212142907372,0.3119666121900081,0.1705198407983224,0.675372838973999,56.82135440781335,59.41021256446838,48.31720322257747,163.22975158691406,0.4784750696646994,20,0.2190949763132067,0.1715762319847245,0.3463087241847192,0.3458625092398067,103
client_local,fedgen-le5,10.0,0,0.228935490472231,0.2257756032049656,0.0522984229724676,0.3109793365001678,0.3546857525870319,0.3510506600141525,0.0602075462974979,0.4455863237380981,0.32729906961762,0.3233220964670181,0.0658969012904364,0.4297053515911102,56.73045087358339,57.751098775863646,25.72627788180558,94.02517700195312,0.4784720372939582,20,0.220842242790068,0.1714952418033899,0.3473626175605137,0.3473035355412899,96
client_local,fedgen-le5,5.0,0,0.2343003397198335,0.2284828048199415,0.069916392760571,0.3493542373180389,0.3548902191444745,0.3478885322809219,0.0815067635245772,0.4855785667896271,0.3293280067065265,0.3219849564135074,0.0874980260290224,0.4722509384155273,55.63993465420149,56.22171530723572,32.33957528477834,122.7814712524414,0.4840458033283974,20,0.2246537883461004,0.1714510112571576,0.3478105591768124,0.347656537048584,105
client_local,fedgen-partial,0.01,0,0.0431480287114885,0.0560009689070284,0.0284966897564881,0.1343079507350921,0.0749095988173254,0.107558099925518,0.0412204181488944,0.1760895699262619,0.0595381349851183,0.0835858411155641,0.0321159791535071,0.1573461145162582,40.49286524757978,42.704705607891086,51.31360504352156,249.1732177734375,0.2077210357943762,20,0.0443601462994638,0.0431273704959498,0.0753321108000293,0.0753321108000293,300
client_local,fedgen-partial,0.01,123,0.043074373077512,0.0558821422979235,0.0284558908919214,0.1352156102657318,0.0743747752233077,0.1070865757763385,0.0410799238537646,0.1741257011890411,0.0589771147573951,0.0831056422553956,0.0320271522850934,0.1561395227909088,40.47688338154908,42.62200306653976,51.273491189818905,249.24891662597656,0.2075436654719001,20,0.0443273484101346,0.0426276186899914,0.0748171237120954,0.0748171237120954,300
client_local,fedgen-partial,0.01,42,0.0432443432582417,0.0566174677573144,0.0285560980570061,0.1342052817344665,0.0751228830322355,0.1087834980338811,0.0418576503157493,0.1757755726575851,0.059712818023812,0.0846144657582044,0.0325011265753845,0.1577991098165512,40.35939411525716,42.56598018407821,51.167519059424095,248.3974151611328,0.2079527428485659,20,0.0443863844722954,0.0429486229831556,0.0754911649703155,0.0754911649703155,300
client_local,fedgen-partial,0.1,0,0.0519079198213066,0.058535396400839,0.016531718762188,0.087852843105793,0.1022213573276817,0.1175551969558,0.0306253418984383,0.1510694772005081,0.0800001596372393,0.0935974013060331,0.0265020668498914,0.123554416000843,43.10592448003255,54.231909167766574,58.131720030958725,208.14324951171875,0.227833096413376,20,0.0527358299645594,0.0527269585292571,0.1025096716900257,0.1025096716900257,300
client_local,fedgen-partial,0.1,123,0.0542439679165386,0.0617281954735517,0.0167674414215486,0.0916869342327117,0.1048810412295407,0.1209667200222611,0.0327465138260429,0.1575457006692886,0.0829591408272353,0.0974384861066937,0.0286553795283891,0.1269480288028717,44.09701151842169,55.4669468998909,59.81486665977405,210.6161499023437,0.2329033445799751,20,0.0550281319707535,0.0550249622345436,0.1050546876529236,0.1050546876529236,300
client_local,fedgen-partial,0.1,42,0.057269030597475,0.0655140276998281,0.017476181126588,0.0951605513691902,0.1113673567223845,0.1298229476436972,0.042383982528776,0.2336635142564773,0.0884047489073455,0.1045025521889329,0.0340814672752528,0.1687697470188141,45.49400582287345,56.9309498667717,61.3281339096486,211.60633850097656,0.239309487061159,20,0.0583237958603141,0.0583237958603141,0.1115328846924929,0.1115328846924929,300
client_local,fedgen-partial,0.5,0,0.050483600102531,0.0491890810430049,0.0092244598521749,0.0689193680882453,0.1130628586062776,0.1144171424210071,0.0155193709558604,0.144011989235878,0.0857660077657318,0.0868387971073389,0.0161400888712623,0.1157362014055252,47.41936319600938,52.78831565380096,37.804108359288,119.01439666748048,0.224685558286533,20,0.0499370172169145,0.0499229560927522,0.1120011766778438,0.1120011766778438,300
client_local,fedgen-partial,0.5,123,0.0453939663272266,0.0441478256136178,0.0072384018180062,0.0623068399727344,0.1054502143330692,0.1067947160452604,0.0136802883554325,0.1286394596099853,0.0786295240355482,0.0795861683785915,0.0128706041594098,0.1023649647831916,46.97359872612898,52.19529683589936,37.68060893646792,118.8211898803711,0.2130585983414577,20,0.0453120574517368,0.0452787133123228,0.104923537164514,0.104923537164514,300
client_local,fedgen-partial,0.5,42,0.0487157468414242,0.0473761422559618,0.0082976148534648,0.0651747807860374,0.1108342067430966,0.1122398152947425,0.0147283946768908,0.1380133926868438,0.0837086377161903,0.0848025273531675,0.0149864824240556,0.1115210503339767,46.58562593572236,51.87866098880768,37.18563007656806,117.0757827758789,0.2207164398984004,20,0.0482764352530563,0.0482576628469874,0.1097965714080045,0.1097965714080045,300
client_local,fedgen-partial,1.0,0,0.0583508224402107,0.0569019999355077,0.0268049922174675,0.1626514643430709,0.1223836367669975,0.1226881485432386,0.0302593144233587,0.2433130890130996,0.0902431527264814,0.090597116574645,0.0196633879907208,0.1466309577226638,49.86324555859114,52.41816511154175,40.26994805182248,130.62889099121094,0.2415591489474383,20,0.0589929053282127,0.0589929053282127,0.1226582885589335,0.1226582885589335,300
client_local,fedgen-partial,1.0,123,0.0559022002477674,0.0545249154791235,0.0249060469100267,0.1518238186836242,0.119144109992932,0.1194805428385734,0.0302431141073194,0.2412792295217514,0.0876597308699978,0.0880200508981943,0.0197661236037246,0.1480665951967239,50.35121143144641,53.01913409233093,40.95510386253646,130.56141662597656,0.2364364613332036,20,0.056846937025883,0.0568458556938134,0.119935350287779,0.119935350287779,300
client_local,fedgen-partial,1.0,42,0.0577704243886048,0.0563067162409424,0.0258740709491504,0.1575949937105178,0.1223434134625992,0.1227710161358118,0.0299360470001478,0.2417818158864975,0.0903459469039888,0.0908139262348413,0.0196764209456068,0.1466868966817855,50.746615564038265,53.43297119140625,40.89170500010363,131.0065460205078,0.2403547885701568,20,0.0585073232311141,0.0585006756241578,0.1228204040272925,0.1228204040272925,300
client_local,fedgen-partial,10.0,0,0.0406670646132772,0.0404963864013552,0.0049232068200161,0.0516672432422637,0.0963072921827763,0.0964231081306934,0.0091885940442854,0.1141131967306137,0.0699647042250761,0.0699462454766035,0.0055034245819647,0.0805124193429946,47.12838108973008,48.00823392868042,21.78619374597211,78.44234466552734,0.2016607661724939,20,0.040051302717858,0.0396996275835958,0.0956401177568534,0.0956401177568534,300
client_local,fedgen-partial,10.0,123,0.0406145644165373,0.0404478875920176,0.004902266932268,0.0516874492168426,0.0957910612700075,0.0959180165082216,0.0092869212702023,0.1137848943471908,0.0694360905934492,0.0694234360009431,0.0054750172486965,0.0796519964933395,47.00373826069576,47.86584639549256,21.79464986170095,77.66387176513672,0.2015305545482802,20,0.0399549496097856,0.0394591859230624,0.0950059710906915,0.0950059710906915,300
client_local,fedgen-partial,10.0,42,0.0409193553601871,0.0407522311434149,0.004877919780947,0.0519587062299251,0.0971662490216002,0.0973189070820808,0.0095575471353591,0.1160929352045059,0.0706515685891347,0.0706538405269384,0.0057049753053686,0.0816772431135177,46.59927805020197,47.476360940933226,21.522945908800924,76.96092987060547,0.2022853315497372,20,0.0401796085030261,0.0397516630689733,0.0963696995583958,0.0963696995583958,300
client_local,fedgen-partial,5.0,0,0.0435243507490004,0.0433425944298505,0.0046822084256995,0.05337455868721,0.1046013829631396,0.1051855199038982,0.010239869168955,0.1233038827776908,0.0769589402828799,0.0772411301732063,0.0065492767299296,0.0888654887676239,47.20273997637165,47.88637294769287,26.2299913155392,98.23072052001952,0.2086249044313753,20,0.0425761031129863,0.0424142592669794,0.1039781455535818,0.1039781455535818,300
client_local,fedgen-partial,5.0,123,0.0402153993692838,0.0400691727176308,0.0047184642632662,0.0499461852014064,0.0953407278563219,0.0959119386970996,0.0102521562719133,0.1156277582049369,0.0695907010625768,0.0698323344811797,0.0061784299767189,0.0807980373501777,45.8950841997809,46.55116949081421,26.12980723062056,97.34391021728516,0.2005377754172112,20,0.0397656114942589,0.039425652803052,0.0951947307819091,0.0951947307819091,300
client_local,fedgen-partial,5.0,42,0.0415738777662269,0.0413956578820943,0.0046681350812017,0.0515194684267044,0.0993595246280934,0.0999521750956773,0.0104093013765953,0.1190379858016967,0.0727792097219533,0.0730537479743361,0.0065896265990308,0.0852636247873306,45.78641633571012,46.46252250671387,25.78535618684357,95.57042694091795,0.2038967330935613,20,0.0407728342306486,0.0404394931338506,0.0989393402870317,0.0989393402870317,300
global,fedgen,0.01,0,0.0704298987984657,0.0704298987984657,0.0,0.0704298987984657,0.1726338267326355,0.1726338267326355,0.0,0.1726338267326355,0.1441783010959625,0.1441783010959625,0.0,0.1441783010959625,61.82810592651367,61.82810592651367,0.0,61.82810592651367,0.2653863199158271,20,0.0612793788313865,0.0612793788313865,0.1576048284769058,0.1576048284769058,77
global,fedgen,0.1,0,0.0499535575509071,0.0499535575509071,0.0,0.0499535575509071,0.1371866315603256,0.1371866315603256,0.0,0.1371866315603256,0.1102898120880127,0.1102898120880127,0.0,0.1102898120880127,61.425605773925774,61.42560577392578,0.0,61.42560577392578,0.2235029251506725,20,0.0499041751027107,0.048697255551815,0.1306421160697937,0.1306421160697937,77
global,fedgen,0.5,0,0.0373306944966316,0.0373306944966316,0.0,0.0373306944966316,0.1071481928229332,0.1071481928229332,0.0,0.1071481928229332,0.0846913307905197,0.0846913307905197,0.0,0.0846913307905197,58.5307502746582,58.5307502746582,0.0,58.5307502746582,0.1932115278564703,20,0.0407230034470558,0.0406548902392387,0.1109968870878219,0.1109968870878219,108
global,fedgen,1.0,0,0.0481429733335972,0.0481429733335971,0.0,0.0481429733335971,0.1346649825572967,0.1346649825572967,0.0,0.1346649825572967,0.1093264892697334,0.1093264892697334,0.0,0.1093264892697334,60.42514419555663,60.42514419555664,0.0,60.42514419555664,0.2194150708898484,20,0.0456503182649612,0.0456503182649612,0.1229887157678604,0.1228640526533126,60
global,fedgen,10.0,0,0.0331834517419338,0.0331834517419338,0.0,0.0331834517419338,0.0933137387037277,0.0933137387037277,0.0,0.0933137387037277,0.0717637687921524,0.0717637687921524,0.0,0.0717637687921524,56.56526947021486,56.56526947021485,0.0,56.56526947021485,0.1821632557403765,20,0.0393124595284462,0.0393124595284462,0.0991367101669311,0.0991367101669311,167
global,fedgen,5.0,0,0.0363443680107593,0.0363443680107593,0.0,0.0363443680107593,0.0976803079247474,0.0976803079247474,0.0,0.0976803079247474,0.0740378648042678,0.0740378648042678,0.0,0.0740378648042678,57.600345611572266,57.600345611572266,0.0,57.600345611572266,0.1906419891072251,20,0.0422696694731712,0.0421486757695674,0.1051157936453819,0.1051157936453819,198
global,fedgen-partial,0.01,0,0.1956750333309173,0.1956750333309173,0.0165403192943133,0.2198041528463363,0.3895820140838623,0.3895820140838623,0.0192661332995283,0.4415570199489593,0.3210081949830056,0.3210081949830055,0.0081596959917713,0.3317895829677582,67.6631435394287,67.66314353942872,0.0068948917604504,67.66810607910156,0.4423517077291749,20,0.2530816324055195,0.1750901043415069,0.3691699057817459,0.3691699057817459,24
global,fedgen-partial,0.1,0,0.193703594058752,0.193703594058752,0.0097797406125888,0.211764708161354,0.3887161433696747,0.3887161433696747,0.0187786070351895,0.4368729591369629,0.3202530428767204,0.3202530428767204,0.0065557619564146,0.3288528323173523,67.66616744995116,67.66616744995117,0.002337108953641,67.66810607910156,0.4401177047776561,20,0.2662486590445042,0.1750901043415069,0.3769191741943359,0.3769191741943359,24
global,fedgen-partial,0.5,0,0.0985098330304026,0.0985098330304026,0.0931075282879126,0.3862878680229187,0.1898387745022773,0.1898387745022773,0.1069525300781235,0.4974180459976196,0.1555043879896402,0.1555043879896402,0.0895720657886859,0.3305650651454925,61.99365882873535,61.99365882873535,2.079181197919091,67.66810607910156,0.3138627614585755,20,0.0980922920629382,0.0961915899068117,0.187986759468913,0.187986759468913,123
global,fedgen-partial,1.0,0,0.133814412727952,0.133814412727952,0.1239670592084435,0.3990814089775085,0.2292948387563229,0.2292948387563228,0.1346292707174918,0.4998075664043426,0.1751265104860067,0.1751265104860067,0.0907571197575929,0.3187319040298462,62.27192039489746,62.27192039489746,2.6072058147003467,67.66810607910156,0.3658065236268374,20,0.1358249995857477,0.1316516205668449,0.2297417301684618,0.2294163722544908,155
global,fedgen-partial,10.0,0,0.0347363421693444,0.0347363421693444,0.0021019198466205,0.0411272980272769,0.0959139283746481,0.0959139283746481,0.0088369014676278,0.1192571446299552,0.0737357251346111,0.0737357251346111,0.0091625132272582,0.0973590686917305,57.214656829833984,57.214656829833984,0.858506369077706,59.399932861328125,0.1863768820678799,20,0.0408608581870794,0.0406065799295902,0.1028684020042419,0.1028684020042419,178
global,fedgen-partial,5.0,0,0.0462704686447977,0.0462704686447978,0.0090392488556333,0.0664098411798477,0.1281593777239322,0.1281593777239322,0.025334180228089,0.1814411580562591,0.1015158038586378,0.1015158038586378,0.02713398382879,0.1592060923576355,60.34347400665283,60.34347400665283,0.5183375684533165,61.15337371826172,0.2151057150444817,20,0.0471244318410754,0.0466371830552816,0.1251262698322534,0.1251262698322534,98
client_local,fedavg-adam,0.1,0,0.0478634267931086,0.0462302796542644,0.0098491017465656,0.0609964877367019,0.118459933681537,0.1167700588703155,0.0148974298346101,0.1463841050863266,0.0873577380599825,0.0803357638418674,0.020640977241977,0.1301976591348648,54.27905763424876,65.55889295339584,77.65363033348137,272.2064819335937,0.218777116703527,20,0.0546727380729813,0.0477974574370136,0.1518988985897588,0.1216824351121091,189
client_local,fedavg-adam,1.0,0,0.0343549352066909,0.0342417606152594,0.0059292802044645,0.0445296317338943,0.0805988094094904,0.0806856766343116,0.0079665523294349,0.0949399694800376,0.0584534611278326,0.0577193073928356,0.0112543107361684,0.0776241496205329,48.34105578751529,50.64586954116821,42.09463180739513,140.553955078125,0.1853508435553798,20,0.0361273957955188,0.0359998501709373,0.0827052566288358,0.0827052566288358,300
client_local,fedavg-adam,0.01,0,0.07215099780712196,0.0702098324894905,0.022314101708242103,0.1331947296857834,0.18660851141621482,0.1830622423440218,0.04123974004543207,0.29642045497894287,0.14322681632394507,0.14073680229485036,0.05478095532571395,0.2942280173301697,64.23727759485094,55.88155465126037,85.07975546854595,415.1588439941406,0.2686093777348847,20,0.07849669824756528,0.066220448036275,0.18493839748840468,0.1757840364219019,300
client_local,fedavg-adam,0.01,42,0.18340640758087418,0.18097089817747475,0.13949971347430287,0.5555614233016968,0.294486012898884,0.29110056571662424,0.1669229399020829,0.7357086539268494,0.26563649497557357,0.26265443582087755,0.1757797049991075,0.734025239944458,65.13016926307077,56.7365706205368,85.59113631835878,418.0007019042969,0.4282597431242799,20,0.17623145278632915,0.14204117593412102,0.2888632679610611,0.2875233661908185,138
client_local,fedavg-adam,0.1,42,0.04445388019435119,0.04131600819528103,0.011245307331649938,0.06456952542066574,0.11540804898513052,0.11070551909506321,0.018954197653658987,0.14760816097259521,0.08826140444922997,0.07889986466616392,0.025603013883381858,0.14383172988891602,53.94768368905543,65.11812957525254,77.33153808840805,271.2363586425781,0.2108408883360891,20,0.05116631637673712,0.04644777914325117,0.14787586260587188,0.11923129294596913,208
client_local,fedavg-adam,0.5,0,0.03619230594982787,0.035522380098700526,0.006275374964921602,0.04668388515710831,0.08285739104930691,0.08233508542180061,0.00889657755067107,0.09844817966222763,0.06010276122798884,0.05842346679419279,0.01146988758041068,0.0835200771689415,47.02576002365239,51.8252809047699,40.14344656899585,117.03290557861328,0.19024275531496035,20,0.036345661217659114,0.03630570901223257,0.0837582175968072,0.08370597872966089,300
client_local,fedavg-adam,0.5,42,0.03604054052834219,0.03538160165771842,0.006189588761811509,0.04645710438489914,0.08029253890722378,0.07975866682827473,0.008840442572047047,0.09592178463935852,0.0583352821738856,0.05667566787451506,0.011332747869565363,0.081289142370224,46.37794405808192,51.12960095405579,39.76062917083988,115.62779998779297,0.18984346322257764,20,0.03677593719982652,0.03650019741268133,0.08168161818399211,0.08147861288775336,300
client_local,fedavg-adam,1.0,42,0.03489682460827444,0.03478647992014885,0.005947956210941068,0.04494928941130638,0.08260059740790571,0.0826903112232685,0.00817312586943676,0.0968310758471489,0.05992014345240747,0.059167922101914884,0.011571734297096334,0.07976892590522766,48.32809205594597,50.63144290447235,42.004073192870486,140.1692352294922,0.18680691798826518,20,0.03651306151308132,0.03639020727927439,0.08494412060753644,0.08463338959037621,300
client_local,fedavg-adam,10.0,0,0.03379102959094544,0.033673138823360205,0.0045758617812093946,0.04242287576198578,0.07480964774945736,0.07467732764780521,0.006574347202647613,0.08411236852407455,0.05459947638133566,0.0543174022808671,0.005400759737391877,0.06573023647069931,43.99640111059851,44.78657832145691,21.103365657685956,74.28672790527344,0.1838233651931806,20,0.0345165706305928,0.03434783852708056,0.07593195958613531,0.07593195958613531,300
client_local,fedavg-adam,10.0,42,0.03410811044660594,0.03399146916344762,0.004593221182106492,0.04286450892686844,0.07602517115897416,0.07590410448610782,0.006674906430231703,0.08535733073949814,0.055251344267700425,0.054974866285920146,0.0053772172801294016,0.06635132431983948,45.34665580523717,46.15997714996338,21.73761804965325,76.69602966308594,0.18468381208597015,20,0.03472261171766388,0.0346310515284114,0.07705334735924127,0.07703304783550277,300
client_local,fedavg-adam,5.0,0,0.03472993490350105,0.03465512739494443,0.004802830076749346,0.04366161674261093,0.07646626915766759,0.07641590163111686,0.00594452953883503,0.0866997167468071,0.05586352575387561,0.05548445247113705,0.005641238206406335,0.06646491587162018,43.18534068591204,43.6697970867157,26.273643477253426,98.7412338256836,0.1863596922714272,20,0.03499883456673828,0.03499883456673828,0.07723018727549327,0.07721543992317638,300
client_local,fedavg-adam,5.0,42,0.03493055393822925,0.034852062445133926,0.004806469455988526,0.044018443673849106,0.07775961348483845,0.07772450968623161,0.005993062133091389,0.08779601007699966,0.05645262422352432,0.05608505290001631,0.005505842994227474,0.06688995659351349,45.05863142979459,45.562979555130006,27.37696687340729,102.92854309082031,0.18689717477326737,20,0.035141777544949584,0.03496506847478927,0.07848229705105152,0.07839859142604375,300
client_local,fedavg-lr0.05,0.1,0,0.04075593518543515,0.039632965065538886,0.009881015454173492,0.06060328334569931,0.09499513706842862,0.0944062691181898,0.01598023668045465,0.13595084846019745,0.06827084753212799,0.06358646973967552,0.015596012639793067,0.09508442133665085,50.26455216691572,60.50725421905518,73.52574575595935,257.5623474121094,0.20188099263039885,20,0.04512103739202958,0.04254135574563875,0.10133070204124506,0.09961573875273089,300
client_local,fedavg-lr0.05,0.1,42,0.03969099635941924,0.038572981394827364,0.00967475222626751,0.05914438143372536,0.0924523176986213,0.09184191301465035,0.01546890121206385,0.13194584846496582,0.06639354838044323,0.061812561750411985,0.015043090994526184,0.09226515889167786,50.02570420066514,60.222216522693635,73.28382033925247,256.6610412597656,0.19922599318216294,20,0.04392694967476494,0.041536612069848454,0.09870774330929605,0.09720633117476475,300
client_local,fedavg-lr0.05,1.0,0,0.037638761152523285,0.03770380550995469,0.0060843634961382075,0.051606230437755585,0.08153753153807874,0.08198207207024097,0.008472157798480475,0.10281748324632645,0.057553213335401775,0.0570847162976861,0.009073972034691185,0.0715574249625206,46.750404038748584,48.990825867652894,40.62686434057827,135.64479064941406,0.1940071162419649,20,0.039090179729437353,0.039090179729437353,0.0834833077679676,0.0834833077679676,300
client_local,fedavg-lr0.05,1.0,42,0.037262259480545,0.03734956160187721,0.006149846711652058,0.05196526646614075,0.07956290142207113,0.08004377409815788,0.008614644529801579,0.10185343027114868,0.055937755408921666,0.05551961902529001,0.008621345534633888,0.06956174224615097,46.24349718458812,48.46232917308807,40.248693279141605,134.4279022216797,0.19303434792944232,20,0.038724553859889606,0.038719685531557274,0.08153264195976394,0.08153264195976394,300
client_local,fedgen-adam,0.01,0,0.20225839288864772,0.199852938298136,0.15714917666165237,0.6219852566719055,0.29571100011377044,0.29333405178040267,0.1813477905657498,0.7784677743911743,0.27292914731518314,0.27044447883963585,0.18857745066998752,0.7767174243927002,64.84196785096415,56.49823945760727,85.13020741455388,416.0810241699219,0.4497314675321794,20,0.4166779532007538,0.14947128492279324,0.5585189932577413,0.28861121488400887,60
client_local,fedgen-adam,0.01,42,0.19269638958404423,0.19024294400587677,0.14802633748747623,0.5877260565757751,0.2964980194467069,0.293518814817071,0.1735067754793937,0.7567494511604309,0.26992133821938924,0.26713638156652453,0.18182850006204934,0.7550244331359863,65.09396706524123,56.712377917766574,85.50212703563777,417.6518859863281,0.4389719690185744,20,0.19428539191662828,0.1502190236340386,0.2913501548814275,0.28925264399781764,65
client_local,fedgen-adam,0.1,0,0.04179939939832169,0.039415720477700235,0.010320134305124748,0.05638924613595009,0.10806630793613987,0.10372360572218894,0.01973602378106275,0.13557328283786774,0.08187174356917346,0.07338508442044259,0.023538333199357997,0.12969757616519928,51.48065211879713,61.822113800048825,74.17275160544548,260.6328125,0.20444901417791597,20,0.044335074465188334,0.042357766656723486,0.11315173036631658,0.11148620664978887,229
client_local,fedgen-adam,0.1,42,0.21643284494688586,0.16186337545514107,0.13521780450897036,0.5127598643302917,0.34017080178285913,0.2748500406742096,0.16557759861937077,0.7028124928474426,0.3154617043856424,0.24503221735358238,0.17565991412928186,0.7007340788841248,57.259062168221355,69.27438217401505,80.19112663072197,280.9432067871094,0.46522343550909584,20,0.1607616636042444,0.1607616636042444,0.3550018951515358,0.33297521958857634,77
client_local,fedgen-adam,0.5,0,0.03101086944931518,0.030256131198257208,0.006560672988303468,0.042131248861551285,0.07207943200281101,0.0711381494998932,0.009912917156681012,0.08809524029493332,0.05438693859825096,0.05249620545655489,0.012959467283963362,0.08149287104606628,46.33951913569925,51.10342924594879,39.69367462549294,115.55131530761719,0.1760990330731977,20,0.032331438307721026,0.030854098293502677,0.07875932084474878,0.07266075372521523,134
client_local,fedgen-adam,0.5,42,0.03081406452891132,0.029971383046358824,0.006957463995559643,0.0422348715364933,0.07195411160049132,0.07060143277049065,0.012121516831681577,0.0917610228061676,0.05569829892326459,0.05346621917560697,0.01503588995582291,0.08823441714048386,45.54802901890265,50.230604028701784,39.35539366144016,114.12757110595703,0.17553935322004385,20,0.031898624564816784,0.030868819425200728,0.07734954702048896,0.07223900295198701,133
client_local,fedgen-adam,1.0,0,0.03139017817025012,0.0312443389557302,0.005861090688324082,0.042494576424360275,0.07240848721214138,0.07245569247752429,0.007412335674151904,0.08683298528194427,0.05244813122601576,0.05178281832486391,0.010085721387600523,0.06945525854825974,46.7867303447906,49.01214873790741,40.89871128436188,136.71066284179688,0.17717273540319378,20,0.03365436735613818,0.030858750519545546,0.07873556833791813,0.0741361287277303,182
client_local,fedgen-adam,1.0,42,0.02953792717119131,0.029160683695226907,0.006499491949789797,0.03856715187430382,0.06883205416610755,0.06821685638278722,0.00994782066148456,0.08535896986722946,0.05259384535395603,0.051451567001640795,0.014102322630224465,0.07976269721984863,46.1326757612427,48.34991238117218,40.469133116008045,134.7693328857422,0.17186601517225944,20,0.031736578872415815,0.030773679809471866,0.07935716378941218,0.07065989018413178,133
client_local,fedgen-adam,10.0,0,0.03068294724653774,0.030552913993597032,0.004237136376713466,0.037760425359010696,0.06719755480802804,0.06708482038229704,0.005810661469027927,0.07607454061508179,0.04860175302605251,0.04835869707167149,0.00470232843176508,0.0573616661131382,46.65617980502543,47.496278929710385,22.269048899331644,78.3252182006836,0.17516548531756404,20,0.03152819064336328,0.03045384967703315,0.08142368164709354,0.0682454687960692,136
client_local,fedgen-adam,10.0,42,0.030467785728235646,0.030314816068857907,0.004269059354282223,0.03777391463518143,0.06733732467376508,0.06710113994777203,0.0057465853818305405,0.07620306313037872,0.050640075510548124,0.05030177664011717,0.005584219553944468,0.06179683282971382,42.03556612498021,42.77865753173828,20.07683795220145,70.63272857666016,0.17455023840784534,20,0.03176786981569988,0.030619586176899048,0.07410656845288574,0.06859707774150381,159
client_local,fedgen-adam,5.0,0,0.030721951203746503,0.030584211368113755,0.004498607991955137,0.03878437727689743,0.06810640874745347,0.06785799954086542,0.005144063434558046,0.0764174833893776,0.05172403545887948,0.05122642889618874,0.006151308943773175,0.06229923665523529,45.00294902618205,45.50472183227539,27.564245930444706,102.78924560546875,0.17527678455444834,20,0.031739704101802345,0.030627368412003836,0.07302524672744445,0.06850133610618073,133
client_local,fedgen-adam,5.0,42,0.03068250238655616,0.030542488768696786,0.004529113873443266,0.03877491503953934,0.06650930569841938,0.06626022066920996,0.005229307405350815,0.07505792379379272,0.05071509925716904,0.05022163316607475,0.00620466242838903,0.061357900500297546,43.50996840657508,43.99768095016479,26.698679843471524,99.66154479980469,0.1751642154852302,20,0.03140383334318941,0.030579542586483075,0.07538647147580133,0.06705626942286104,136
